characterId,characterName,team,characterOrigin,characterImage,deck,siteDetailUrl,gender,birth,realName,aliases
55,Silver Surfer,guardians-of-the-galaxy,Alien,https://comicvine.gamespot.com/api/image/square_avatar/3627093-tumblr_mwhlifyyfk1spk5yeo1_1280.jpg,"Norrin Radd of Zenn-La is the mighty herald of Galactus, the devourer of worlds. Gifted with the Power Cosmic and a trusty board that's faster than light speed which he can summon at will whenever needed, Norrin Radd travels to distant stars and throughout the universe as the Silver Surfer. ",https://comicvine.gamespot.com/silver-surfer/4005-2502/,1,,Norrin Radd,Silver Savage; Skyrider; Sentinel of the Spaceways; Keeper; Captain Universe
63,Power Girl,suicide-squad,Alien,https://comicvine.gamespot.com/api/image/square_avatar/6133639-pg1.png,"The alternate version of Supergirl from Earth-2, Kara Zor-L is more mature and experienced than her Earth-0 counterpart. The best friend of Batman's Earth-2 daughter, Huntress, she operates as one of her Earth's greatest heroes.",https://comicvine.gamespot.com/power-girl/4005-4915/,2,"Sep 22, 1973",Kara Zor-L / Karen Starr,Kara Zor-L; Karen Starr; Kara of Atlantis; Nightwing; Karen Danvers
87,Rocket Raccoon,guardians-of-the-galaxy,Alien,https://comicvine.gamespot.com/api/image/square_avatar/3778239-rocketraccoon001-9084a.jpg,"A native of the planet Halfworld in the Keystone Quadrant, Rocket Raccoon is a longtime member of the Guardians of the Galaxy, usually serving as the team's strategist.",https://comicvine.gamespot.com/rocket-raccoon/4005-32814/,1,,Rocket,Rocky Raccoon; Ranger Rocket; Subject 8P913
92,Star-Lord,guardians-of-the-galaxy,Alien,https://comicvine.gamespot.com/api/image/square_avatar/5490565-starlord2016002-anka.jpg,"Peter Quill is the first and current Star-Lord, a human-alien hybrid and leader of the Guardians of the Galaxy. He is the son of J'son of Spartax who is King of the Spartoi Empire.",https://comicvine.gamespot.com/star-lord/4005-10957/,1,"Feb 4, 1962",Peter Jason Quill,Peter Jason Quill; Star Lord
1,Superman,justice-league,Alien,https://comicvine.gamespot.com/api/image/square_avatar/6507037-28872490_1638064799604695_1250122498385004714_n.jpg,"Rocketed to Earth as an infant from the doomed planet Krypton, Kal-El was adopted by the loving Kent family and raised in America's heartland as Clark Kent. Using his immense solar-fueled powers, he became Superman to defend mankind against all manner of threats while championing truth, justice and the American way!",https://comicvine.gamespot.com/superman/4005-1807/,1,"Jun 18, 1971",Kal-El / Clark Joseph Kent,Kal-El; Clark Kent; Clark Jerome Kent; Clark Joseph Kent; Gangbuster
80,Sinestro,injustice-league,Alien,https://comicvine.gamespot.com/api/image/square_avatar/339735-164037-sinestro-corps.png,"Once considered the greatest Green Lantern in any sector, Sinestro came to believe that the only way to ensure order in the universe was through the reign of fear. Founding his own Corps on that basis, Sinestro became one of the deadliest threats the Green Lanterns have ever faced. He has clashed frequently with Hal Jordan; the relationship between the two is a complicated one, a mixture of animosity and respect in equal measure.",https://comicvine.gamespot.com/sinestro/4005-10448/,1,,Thaal Sinestro,Thaal Sinestro; The Renegade Green Lantern; The Fallen Lantern; Sinestro of Korugar; Saviour of Korugar
85,Lobo,suicide-squad,Alien,https://comicvine.gamespot.com/api/image/square_avatar/6041290-ojvksue.jpg,"The last of the Czarnians, Lobo is known and feared across the universe as a bounty hunter who never misses his mark. Super-strong, immortal and unkillable, the Main Man has frequently clashed with Superman, although they have on occasion found themselves on the same side.",https://comicvine.gamespot.com/lobo/4005-6578/,1,,Lobo,The Main Man; Scourge o' the Cosmos; The Last Czarnian; The Destroyer; The Master Fragger
41,Martian Manhunter,justice-league,Alien,https://comicvine.gamespot.com/api/image/square_avatar/6608994-1536861856672.jpg,"Sole survivor of the Martian people, J'onn J'onzz was teleported to Earth decades ago by Dr. Saul Erdel. Since then, he has adopted Earth as his new home, playing many roles over his time with humanity: detective, secret agent, explorer, and even a pillar of the Justice League.",https://comicvine.gamespot.com/martian-manhunter/4005-2047/,1,,J'onn J'onzz,J'onn J'onzz; John Jones; The Alien Atlas; John Johnstone; The Sleuth from Outer Space
32,Carol Danvers,shield,Alien,https://comicvine.gamespot.com/api/image/square_avatar/5490635-capmar2017001-cov.jpg,"After encountering the Kree hero Captain Marvel, Carol Danvers was accidentally subjected to otherworldly radiation that transformed her into a superhuman warrior. Calling herself Ms. Marvel, she established herself as one of the most powerful and prominent heroes, both as a solo heroine and as a member of the Avengers. She has now adopted the mantle of Captain Marvel for herself.",https://comicvine.gamespot.com/carol-danvers/4005-21561/,2,,Carol Susan Jane Danvers,Binary; Captain Marvel; Carol Danvers; Warbird; Ms. Marvel
95,Groot,guardians-of-the-galaxy,Alien,https://comicvine.gamespot.com/api/image/square_avatar/4453639-groot2015001-cov-bdb43.jpg,"Groot is an extraterrestrial, sentient tree-like creature, and the monarch of Planet X. He is a founding member of Star-Lord's Guardians of the Galaxy, and is known for his longtime friendship with Rocket Raccoon.",https://comicvine.gamespot.com/groot/4005-24341/,1,,Groot,Thor
88,Gamora,guardians-of-the-galaxy,Alien,https://comicvine.gamespot.com/api/image/square_avatar/6643695-all-new_guardians_of_the_galaxy_vol_1_3_irving_variant_textless.jpg,"The sole surviving member of the Zen Whoberi, Gamora, was saved as a child by Thanos. Through Thanos' augmentation and training she became a highly skilled and feared galactic assassin. Using her new formidable skills and abilities, she gained the reputation and title of The Deadliest Woman in the Universe.",https://comicvine.gamespot.com/gamora/4005-6806/,2,,Gamora Zen Whoberi Ben Titan,Gamora; The Deadliest Woman In The Universe; The Most Dangerous Woman in the Galaxy; Requiem
54,Venom,hydra,Alien,https://comicvine.gamespot.com/api/image/square_avatar/5704676-venom2016001-sandoval-c4208.jpg,"The Venom symbiote bonded with Spider-Man during his adventure in the first ""Secret Wars"" on the Beyonder's makeshift planet called Battleworld. Initially, he thought the symbiote was just a costume. However upon his discovery that it was sentient, he rejected it. Since then, the symbiote has bonded with several different hosts, the most well-known being Eddie Brock and Flash Thompson.",https://comicvine.gamespot.com/venom/4005-1486/,1,,None,Alien costume; Spider-Man's Black costume; Spider-Man; Sinister Spider-Man; Lethal Protector
90,Enchantress,masters-of-evil,God/Eternal,https://comicvine.gamespot.com/api/image/square_avatar/1305372-enchantress.jpg,"Amora the Enchantress, An Asgardian Goddess and immensely powerful magical sorcerer. Being backed by years of experience, she is one of Thor’s greatest and most powerful foes not only because of her immense power, but also because of him being her love interest.",https://comicvine.gamespot.com/enchantress/4005-7225/,2,,Amora,Christine Collins; Amora Lorelei; Leena Moran; Helen Eve; Amora Incantare
10,Thor,avengers,God/Eternal,https://comicvine.gamespot.com/api/image/square_avatar/6436253-thor2.jpg,"Thor is the Asgardian God of Thunder, and the son of the All-Father of Asgard Odin and the Elder Earth-Goddess Gaea. Combining the powers of Asgard and Midgard (Earth), Thor is arguably the greatest defender of both worlds. Armed with his enchanted Uru hammer Mjolnir, which can only be lifted by those who are worthy, Thor is the mightiest warrior in all of Asgard. A staunch ally for good and one of the strongest beings on Earth, Thor is also a founding member of the Avengers.",https://comicvine.gamespot.com/thor/4005-2268/,1,,Thor Odinson,Son of Odin; Scion of Asgard; The Odinson; The God of Thunder; The Thunderer
83,Drax the Destroyer,guardians-of-the-galaxy,God/Eternal,https://comicvine.gamespot.com/api/image/square_avatar/4529800-drax-19b77.jpg,"After he and his family were killed by Thanos, Arthur Douglas was recreated as an Eternal known as Drax the Destroyer by Mentor and Kronos with the sole purpose of destroying Thanos.",https://comicvine.gamespot.com/drax-the-destroyer/4005-6807/,1,,Arthur Sampson Douglas,Arthur Douglas
48,Punisher,defenders,Human,https://comicvine.gamespot.com/api/image/square_avatar/6465266-punisher_vol_12_1_textless.jpg,"After his family was killed by the mob, U.S. Marine Special Forces veteran Frank Castle vowed to avenge their deaths and became a one-man army in his personal war against the criminal underworld. With a distinct death's head skull adorning his chest, Frank Castle became the vigilante known as the Punisher.",https://comicvine.gamespot.com/punisher/4005-1525/,1,"Feb 16, 1950",Francis Castiglione,Frank Castiglione; Frank Castle; Johnny Tower ; Patrick Hicks; Mr. Smith
46,Black Panther,defenders,Human,https://comicvine.gamespot.com/api/image/square_avatar/5011137-blap2016001-cov-d6d2a.jpg,"T'Challa is the Black Panther, king of Wakanda, one of the most technologically advanced nations on Earth. He is among the top intellects and martial artists of the world, a veteran Avenger, and a member of the Illuminati. Using his powers and abilities, he has pledged his fortune, powers, and life to the service of all mankind.",https://comicvine.gamespot.com/black-panther/4005-1477/,1,,T'Challa,King T'Challa; The Most Dangerous Man Alive; King of Wakanda; The Client; His Majesty
76,Riddler,suicide-squad,Human,https://comicvine.gamespot.com/api/image/square_avatar/6462105-batman_vol_3_27_textless.jpg,"Edward Nigma is a villain obsessed with riddles, puzzles, and brain teasers, who took the alias of the Riddler to commit crimes. Riddler frequently tries to outsmart Gotham's hero Batman, but is always defeated by the Dark Knight.",https://comicvine.gamespot.com/riddler/4005-3718/,1,,Edward Nigma,Edward Nigma; The Prince of Puzzles; Quizmaster; E. Nigma; Edward Nashton
71,Jason Todd,suicide-squad,Human,https://comicvine.gamespot.com/api/image/square_avatar/6585154-1535581251762.jpg,"Jason Todd was the second Robin, but was brutally murdered by the Joker. After he was resurrected, Jason learned Batman did nothing to avenge his death. Anguished and seeking vengeance, he initially turned against his mentor and took on the Clown Prince's former identity: the Red Hood. Eventually coming back to the Bat-Family and assembling a team of anti-heroes known as the Outlaws (New 52 and Rebirth), Jason once again fights for justice...on his own terms.",https://comicvine.gamespot.com/jason-todd/4005-6849/,1,"Aug 16, 1995",Jason Peter Todd,Red Hood; Robin; Red Robin; Batman; Nightwing
94,Quasar,guardians-of-the-galaxy,Human,https://comicvine.gamespot.com/api/image/square_avatar/4226659-quasartcg.jpg,"A former Super-Agent of S.H.I.E.L.D., Quasar is a currently retired cosmic-powered superhero who was appointed Protector of the Universe by Eon and has been a member of the Avengers, Star Masters, and Annihilators.",https://comicvine.gamespot.com/quasar/4005-3319/,1,,Wendell Elvis Vaughn,Wendell Elvis Vaughn; Marvel Boy; Marvel Man; Crusader; Captain Marvel
26,Doctor Strange,guardians-of-the-galaxy,Human,https://comicvine.gamespot.com/api/image/square_avatar/4924093-drs2015002rossvariant-d0946.jpg,"Dr. Stephen Strange was once a gifted but egotistical surgeon who sought out the Ancient One to heal his hands after they were wounded in a car accident. Instead, the Ancient One trained him to become Master of the Mystic Arts and the Sorcerer Supreme of Earth.",https://comicvine.gamespot.com/doctor-strange/4005-1456/,1,"Nov 18, 1930",Stephen Vincent Strange,Dr. Stephen Strange; Master of the Mystic Arts; Sorcerer Supreme; Master of Black Magic; Captain Universe
25,Daredevil,defenders,Human,https://comicvine.gamespot.com/api/image/square_avatar/6335305-5934933145-DYb8d.jpg,"As a child, Matt Murdock was blinded by radioactive waste while trying to save an elderly stranger about to get hit by a truck carrying the dangerous material. In turn, his other senses were heightened to superhuman sharpness and he gained a form of ""radar sense"". By day, he is a successful trial lawyer; but by night, he guards Hell's Kitchen as Daredevil: the Man Without Fear.",https://comicvine.gamespot.com/daredevil/4005-24694/,1,"Oct 21, 1982",Matthew Michael Murdock,DD; Guardian Devil; Jack Batlin; Kingpin of Hell's Kitchen; Laurent LeVasseur
11,Dick Grayson,justice-league,Human,https://comicvine.gamespot.com/api/image/square_avatar/6436334-nightwing%2039%20yasmine%20putri%20variant.jpg,"As the first Robin, Dick Grayson was the most famous sidekick in all of fiction. As he ventured forth on his own, he formed the Teen Titans and became their leader. When the boy became a man, he became the independent hero known as Nightwing.",https://comicvine.gamespot.com/dick-grayson/4005-1691/,1,"Mar 20, 1991",Richard John Grayson-Wayne,Robin; Nightwing; Batman; The World's Greatest Acrobat; The Target
35,Green Arrow,justice-league,Human,https://comicvine.gamespot.com/api/image/square_avatar/6581972-4t0f7ihxo4g11.jpg,"Oliver Queen was a spoiled, thrill-seeking playboy, until he was left stranded on a deserted island for several years. There, he trained to become a master archer in order to survive. After his return home, he used his new-found skills and his wealth to became the costumed vigilante known as Green Arrow.",https://comicvine.gamespot.com/green-arrow/4005-5936/,1,,Oliver Jonas Queen,The Emerald Archer; The Ace Archer; The Battling Bowman; The Dark Hunter; Auu Lanu Lau'ava
39,Doctor Doom,shield,Human,https://comicvine.gamespot.com/api/image/square_avatar/5396961-infim2016002-albuquerquevar-23648.jpg,"The very mention of his name makes lesser men tremble! The brilliant scientist with the iron mask which conceals his now scarred but once handsome face! Master of science and sorcery, Victor Von Doom is the monarch of Latveria and seeks the betterment of mankind through world conquest! Unequaled and unrivaled in every manner, Doctor Doom has had many conflicts with both earthly and cosmic super-beings; but he will always be known as the eternal nemesis of Reed Richards and his accursed Fantastic Four! ",https://comicvine.gamespot.com/doctor-doom/4005-1468/,1,,Victor Von Doom,Dr. Doom; Victor von Doom; The Master; The Baron of Iron; Invincible Man
59,Roy Harper,suicide-squad,Human,https://comicvine.gamespot.com/api/image/square_avatar/6032293-rh2.jpg,"Green Arrow's first sidekick Speedy, and later Arsenal, and then Red Arrow, Roy Harper has grown to become one of the most accomplished marksmen in the DC Universe. Roy now goes by the name Arsenal once more.",https://comicvine.gamespot.com/roy-harper/4005-3404/,1,,"Roy William Harper, Jr.",Arsenal; Red Arrow; Speedy
43,Luke Cage,defenders,Human,https://comicvine.gamespot.com/api/image/square_avatar/3660907-lukecage1.png,"Luke Cage, wrongly convicted and unjustly imprisoned, was altered in a failed prison experiment that granted him unbreakable skin and superhuman strength. With his street smarts, and unending determination to do right, he fights for the common man! He eventually married Jessica Jones and had a daughter with her. Luke was also a member of The Avengers and the Leader of Thunderbolts for a time.",https://comicvine.gamespot.com/luke-cage/4005-1450/,1,,Carl Lucas,Carl Lucas; Hero for Hire; Power Man
28,Scarlet Witch,avengers,Human,https://comicvine.gamespot.com/api/image/square_avatar/4943622-tumblr_ny9kioql1w1re8ijgo1_1280.jpg,"The world knows Wanda Maximoff as the Scarlet Witch, a mutant with probability manipulation and reality-warping abilities. Twin sister of Quicksilver, mother to Wiccan and Speed, and ex-wife of the Vision; Wanda has taken on many roles throughout her life but will forever be known for causing the Decimation. ",https://comicvine.gamespot.com/scarlet-witch/4005-1466/,2,,Wanda Marya Maximoff,Wanda Maximoff; Wanda Frank; Gypsy Witch; Ana Maximoff; High Priestess
4,Captain America,avengers,Human,https://comicvine.gamespot.com/api/image/square_avatar/6421118-captain_america_2_by_leinilyu-d4jupy4.jpg,"During World War II, Steve Rogers volunteered to receive the experimental Super-Soldier Serum. Enhanced to the pinnacle of human physical potential and armed with an unbreakable shield, he became Captain America. After a failed mission left him encased in ice for decades, he was found and revived by the Avengers. Later joining their ranks and eventually becoming the team's leader.",https://comicvine.gamespot.com/captain-america/4005-1442/,1,"Jul 4, 1920",Steven Rogers,Steve Rogers; The Sentinel of Liberty; Super-Soldier; Star-Spangled Avenger; The Nomad
22,Hawkeye,avengers,Human,https://comicvine.gamespot.com/api/image/square_avatar/5212860-civil_war_ii_poster_007_textless.jpg,"Trained by criminals and inspired by heroes, Clint Barton has grown from a troubled youth into one of the greatest heroes on Earth. The world knows him best as Hawkeye: Earth's Mightiest Marksman. A member of the Avengers for many years, he has left the team on occasion because of team friction. But he always returns, ready to face any threat.",https://comicvine.gamespot.com/hawkeye/4005-1475/,1,,Clinton Francis Barton,Clint Barton; Golden Archer; Ronin; The Marksman; Goliath
27,Nick Fury,shield,Human,https://comicvine.gamespot.com/api/image/square_avatar/4076005-untitled-2.jpg,"Nicholas Joseph Fury served in World War II as the leader of the Howling Commandos. He later became an agent, and eventually director, of S.H.I.E.L.D. Fury is one of the greatest strategic minds in the world, a born leader and a master of espionage. He currently serves as a replacement Watcher.",https://comicvine.gamespot.com/nick-fury/4005-3202/,1,,Nicholas Joseph Fury,Colonel Fury; Doyle; The Man in the Mystery Mask; Mr. Anger; Nicholas Joseph Fury
0,Batman,justice-league,Human,https://comicvine.gamespot.com/api/image/square_avatar/6198653-batman%2012.jpg,"Bruce Wayne, who witnessed the murder of his multi-millionaire parents as a child, swore to avenge their deaths. He trained extensively to achieve mental and physical perfection, mastering martial arts, detective skills, and criminal psychology. Costumed as a bat to prey on the fears of criminals, and utilizing a high-tech arsenal, he became the legendary Batman.",https://comicvine.gamespot.com/batman/4005-1699/,1,"Feb 19, 1972",Bruce Wayne,Bruce Wayne; The Caped Crusader; The Dark Knight; The World's Greatest Detective; The Dark Knight Detective
75,Deathstroke,injustice-league,Human,https://comicvine.gamespot.com/api/image/square_avatar/6421465-7189769152-64211.jpg,"Genetically engineered to surpass all human limits, Slade Wilson was once a soldier but now works as one of the most feared assassins in the DC Universe. He has frequently clashed with the Teen Titans, Batman, the Justice League, Green Arrow, and even gods!",https://comicvine.gamespot.com/deathstroke/4005-3588/,1,,Slade Joseph Wilson,Deathstroke the Terminator; Slade Wilson; The Balkan; Raptor; Twilight
69,Two-Face,injustice-league,Human,https://comicvine.gamespot.com/api/image/square_avatar/5462570-tf.jpg,"Formerly the D.A. of Gotham City, Harvey Dent was an ally of Batman and Commissioner Gordon until he had acid thrown onto the left side of his face by a mob boss, scarring him for life. The incident drove Harvey insane and he became Two-Face, obsessed with chance and always carrying a double-headed coin, which he flips to determine his every decision.",https://comicvine.gamespot.com/two-face/4005-5555/,1,,Harvey Dent,Harvey Dent; Multi-Face; Twoheaded; Apollo; Janus
74,Scarecrow,injustice-league,Human,https://comicvine.gamespot.com/api/image/square_avatar/4733671-11737831_10153068336789007_2528858156749556392_n2.jpg,"Utilizing a fear-inducing gas known as fear toxin, Jonathan Crane preys upon the people of Gotham City as the villainous Scarecrow.",https://comicvine.gamespot.com/scarecrow/4005-3726/,1,,Jonathan Crane,Dr. Jonathan Crane; Master of Fear; The Sinister Scarecrow; Scarebeast; Ichabod Crane
67,Penguin,injustice-league,Human,https://comicvine.gamespot.com/api/image/square_avatar/2048679-penguin_4.jpg,"Intelligent, rich and sophisticated; Oswald Cobblepot puts up a gentlemanly front, but behind closed doors he is the angered, power hungry criminal known as The Penguin. He shows flashes of compassion sometimes, but he is dominated by a desire to be respected and to control those around him.",https://comicvine.gamespot.com/penguin/4005-4885/,1,,Oswald Chesterfield Cobblepot,Mr. Boniface; Ozzie; Abner; Sardine Breath; Mr. Cobblepot
42,Joker,injustice-league,Human,https://comicvine.gamespot.com/api/image/square_avatar/4214608-bm_cv37_large.jpg,"The Joker, Clown Prince of Crime, is Batman's arch-nemesis. An agent of chaos known for his malicious plots, wacky gadgets and insidious smile, he has caused Batman more suffering than any other villain he has ever faced. His origin, name, and true motivations remain a mystery.",https://comicvine.gamespot.com/joker/4005-1702/,1,"Apr 1, 1940",Unknown,Clown Prince of Crime ; Harlequin of Hate; Public Enemy #1; Jack Napier; Mr. Rekoj
31,Lex Luthor,injustice-league,Human,https://comicvine.gamespot.com/api/image/square_avatar/3425450-luthor.absolute.final.lowrez.jpg,"Lex Luthor, Superman's arch-nemesis, is one of the most brilliant men alive, whose hatred of ""interfering aliens"" pushes him down the path of a sociopath. Known for his ""ends justifies the means"" approach to life, his single-minded and often brutal focus puts him at odds with The Man of Steel. Luthor is arguably DC Comics' most iconic villain.",https://comicvine.gamespot.com/lex-luthor/4005-41952/,1,,Alexander Joseph Luthor,Alexander Joseph Luthor; Alexander Luthor; Alexei Luthor; Alexis Luthor; Chrome-Dome
62,Kingpin,hydra,Human,https://comicvine.gamespot.com/api/image/square_avatar/5545371-kingp2017001-cov-var-1.jpg,"The self-proclaimed kingpin of crime, Wilson Fisk is one of the most prominent figures of organized crime in the United States.
He is the king of mobsters, controlling organized crime on the East Coast with an iron fist.",https://comicvine.gamespot.com/kingpin/4005-1483/,1,,Wilson Grant Fisk,Dirigible; Harold Howard; Kingpin of Crime; The Boss; The Brainwasher
70,Red Skull,hydra,Human,https://comicvine.gamespot.com/api/image/square_avatar/4314088-red_skull_by_genzoman-d8cptp5.jpg,"A long-time enemy of Captain America, Johann Schmidt is a proud Nazi general and the embodiment of evil, fear, and horror. He is known as the ruthless Red Skull.",https://comicvine.gamespot.com/red-skull/4005-2250/,1,,Johann Schmidt,Johann Schmidt; John Smith; Bettman P. Lyles; Cyrus Fenton; Dell Rusk
86,Eddie Brock,hydra,Human,https://comicvine.gamespot.com/api/image/square_avatar/6430426-venom.jpg,"Eddie Brock bonded to the alien symbiote after it was discarded by Spider-Man, becoming the first Venom. Brock was later Anti-Venom, but the symbiote was lost during Spider-Island. Brock has also been forcibly bonded to the Toxin symbiote by the Crime Master, but has reluctantly given it up to stop Carnage. He has recently been rebonded with Venom.",https://comicvine.gamespot.com/eddie-brock/4005-6733/,1,,Edward Allen Brock,Edward Allen Brock; Venom; Lethal Protector; Anti-Venom; Toxin
6,Iron Man,avengers,Human,https://comicvine.gamespot.com/api/image/square_avatar/4956367-invim2015001-maleevvar-d8a38.jpg,"Tony Stark was the arrogant son of wealthy, weapon manufacturer Howard Stark. Tony cared only about himself, but he would have a change of heart after he was kidnapped by terrorists and gravely injured. Pressured to create a weapon of mass destruction, Stark instead created a suit of armor powerful enough for him to escape. Tony uses his vast resources and intellect to make the world a better place as the invincible Iron Man. Stark's super hero identity led him to become a founding member of the Avengers.",https://comicvine.gamespot.com/iron-man/4005-1455/,1,,Anthony Edward Stark,Anthony Edward Stark; Tony Stark; Golden Avenger; Shellhead; Armored Avenger
58,Bucky Barnes,shield,Human,https://comicvine.gamespot.com/api/image/square_avatar/4066832-image-93.jpg,"Believed dead near the end of World War II only to have been found and brainwashed by the Soviets for the next 50 years, Captain America's former sidekick now continues to defend his country from the shadows against those who would threaten it as legendary spy and assassin, the Winter Soldier. He became the new Captain America to honor his friend Steve and he joined the Avengers. When Steve returned as Captain America, Bucky took on the identity of the Winter Soldier once again.",https://comicvine.gamespot.com/bucky-barnes/4005-40470/,1,"Mar 20, 1925",James Buchanan Barnes Junior,James Barnes; Winter Soldier; Captain America; The Man On The Wall
34,Barry Allen,justice-league,Human,https://comicvine.gamespot.com/api/image/square_avatar/3362537-100_11201.jpg,"Having discovered his mother murdered and his father blamed for the act, forensic scientist Barry Allen sought to clear his father's name and find the real killer. After being doused in chemicals and struck by lightning, Barry was granted the gift of super-speed. Now he protects his hometown of Central City as The Flash, the fastest man alive and founding member of the Justice League.",https://comicvine.gamespot.com/barry-allen/4005-22804/,1,"May 13, 1983",Bartholomew Henry Allen,Allen; Barry; Bartholomew ; The Flash; The Black Flash
93,Absorbing Man,masters-of-evil,Human,https://comicvine.gamespot.com/api/image/square_avatar/1893838-absorbingman018.jpg,"An extremely violent boxer turned criminal, Loki bestowed his powers upon him, and he was transformed into the Absorbing Man, granting him powers to absorb any material and take on its properties. He is the on-again-off-again husband of Titania, and an enemy of Thor and Hulk.",https://comicvine.gamespot.com/absorbing-man/4005-1779/,1,,Carl Creel,Carl Creel; Crusher; Rocky Davis; Lightningbolt; Crusher Creel
84,Moonstone,masters-of-evil,Human,https://comicvine.gamespot.com/api/image/square_avatar/2239930-2239903_4.jpg,"Dr. Karla Sofen is a founding member of the Thunderbolts and former member of the Masters of Evil. She has flirted with both sides of the law in Norman Osborn's Avengers as Ms. Marvel. She's a control freak with nearly limitless power granted her by moonstones, hence her codename.",https://comicvine.gamespot.com/moonstone/4005-3279/,2,,"Karla Sofen, M.D.",Dr. Sofen; Kate Sorenson ; Meteorite; Ms. Marvel
36,Black Widow,avengers,Human,https://comicvine.gamespot.com/api/image/square_avatar/5606768-bwidow2016012cov.jpg,"A former KGB agent Natasha Romanova, better known as Black Widow, is one of the best agents S.H.I.E.L.D. has ever had. She's a longtime member of the Avengers as well as the leader of the short-lived Los Angeles-based superhero team called the Champions.",https://comicvine.gamespot.com/black-widow/4005-3200/,2,,Natalia Alianovna Romanova,Natasha Romanoff; Nadine Roman; Nat; Tasha; Tsarina
96,Abe Jenkins,masters-of-evil,Human,https://comicvine.gamespot.com/api/image/square_avatar/5552800-thunderbolts34001.png,"Growing tired of his mechanic job, Abe Jenkins created a suit of armor and became the Beetle. Originally a criminal, he changed his ways as a member of the Thunderbolts, becoming a mainstay of the group and achieving legitimacy as a superhero.",https://comicvine.gamespot.com/abe-jenkins/4005-4822/,1,,Abner Ronald Jenkins,Abe Jenkins; Abner Jenkins; Beetle; MACH-I; MACH-II
56,Doctor Octopus,masters-of-evil,Human,https://comicvine.gamespot.com/api/image/square_avatar/5833287-secret_empire_vol_1_2_villain_variant_textless.jpg,"A former nuclear physicist and atomic researcher, Otto Octavius' life changed forever when one of his experiments went horribly wrong. From that day forward, he has set out to prove his superior intellect in a number of ways, but these plans are usually thwarted by Spider-Man.",https://comicvine.gamespot.com/doctor-octopus/4005-1485/,1,,Otto Gunther Octavius,Otto Octavius; Doc Ock; Doctor Octavius; Dr. Octopus; Spider-Man
81,Amanda Waller,suicide-squad,Human,https://comicvine.gamespot.com/api/image/square_avatar/6061590-suicide%20squad%20008.jpg,"A high-level government bureaucrat with an almost completely classified record, Amanda Waller is the ruthless creator and director of Task Force X - better known as the Suicide Squad.",https://comicvine.gamespot.com/amanda-waller/4005-4920/,2,,Amanda Blake Waller,; Doctor Waller; Mama Waller; Mockingbird; Ms. Waller 
53,Spider-Woman,hydra,Human,https://comicvine.gamespot.com/api/image/square_avatar/4343135-spider-woman_vol_5_5_anka_variant_textless.jpg,"Jessica Drew was genetically enhanced and given super-powers by the criminal organization HYDRA, for whom she became an assassin as Spider-Woman. She later reformed and became a SHIELD agent and was also once a member of the Avengers and an Agent of SWORD.",https://comicvine.gamespot.com/spider-woman/4005-1453/,2,,Jessica Miriam Drew,Jessica Drew; Arachne; Ariadne Hyde; Hunter; Sybil Dvorak
24,Hal Jordan,justice-league,Human,https://comicvine.gamespot.com/api/image/square_avatar/6520709-1532011657748.jpg,"With the ability to overcome great fear and harness the power of will, test-pilot Hal Jordan was chosen to be the Green Lantern of Sector 2814 inheriting the ring of the dying alien Green Lantern, Abin Sur.  Through sheer will power and determination, Hal has established an impressive record of heroism across the galaxy with the help of his fellow Green Lanterns as well as his peers in the Justice League.",https://comicvine.gamespot.com/hal-jordan/4005-11202/,1,"Feb 20, 1974",Harold Jordan,Harold Jordan; Green Lantern; Pol Manning; Parallax; Spectre
98,Mantis,guardians-of-the-galaxy,Human,https://comicvine.gamespot.com/api/image/square_avatar/5053410-1266663631-latest,"From Avenger to cosmic traveler to the legendary Celestial Madonna, Mantis is perhaps one of the most well-traveled characters in the Marvel Universe.",https://comicvine.gamespot.com/mantis/4005-3324/,2,,nan,Mandy Celestine; Willow; Lorelei; Celestial Madonna; Mantis Brandt
49,Catwoman,injustice-league,Human,https://comicvine.gamespot.com/api/image/square_avatar/5555748-0765257915-3301a.jpg,"Catwoman, the costumed alias persona of Selina Kyle, is a cat burglar with an on-again, off-again, romantic relationship with Batman. She is shown as a woman who is very strong-willed, independent and morally dubious.",https://comicvine.gamespot.com/catwoman/4005-1698/,2,"Mar 14, 1975",Selina Kyle,Selina Kyle; Selina Falcone; Selina Wayne; Batwoman; Belinda
73,Black Knight,masters-of-evil,Human,https://comicvine.gamespot.com/api/image/square_avatar/4914803-blkknght2015001-cov-b778f.jpg,"The latest wielder of the Ebony Blade in a long line of heroes and villains known as the Black Knight. Dane Whitman, at one point a member of the Avengers and leader of Ultraforce, is now the current king of Weirdworld.",https://comicvine.gamespot.com/black-knight/4005-3172/,1,,Dane Garrett Whitman,Dr. Dane Whitman; Black Blade; Knight of Ebon; Champion of Avalon; Eobar Garrington
33,Hank Pym,shield,Human,https://comicvine.gamespot.com/api/image/square_avatar/5461962-ultronhank.jpg,"Hank Pym is a scientific genius, a founding member of the Avengers, the creator of Pym Particles and of Ultron, and a modern-day superhero who suffers from a Bipolar disorder. He has acted under many memorable identities such as Ant-Man, Giant Man, Goliath, Yellowjacket, and the Wasp. He is also the Earth's Scientist Supreme, as decreed by Eternity.",https://comicvine.gamespot.com/hank-pym/4005-2247/,1,,Henry Christopher Pym,Ant-Man; Doctor Pym; Goliath; Scientific Adventurer; Scientist Supreme
82,Carol Ferris,suicide-squad,Human,https://comicvine.gamespot.com/api/image/square_avatar/3975415-9483042111-Infin.jpg,"Carol used to be a pilot, but, after her father retired, she gave it up to run the family business (Ferris Air, a company in Coast City that makes aircraft). She hired her childhood friend, Hal Jordan, as a test pilot. Soon after Hal became a Green Lantern, Carol found herself possessed by a Star Sapphire gem. The gem gave her power, but also altered her personality when used. After the formation of the Star Sapphire Corps however, Carol has been able to remain herself and act as a hero.",https://comicvine.gamespot.com/carol-ferris/4005-18276/,2,,Carol Ferris,Star Sapphire; Lady Ferris; Queen of the Star Sapphires
61,Harley Quinn,suicide-squad,Human,https://comicvine.gamespot.com/api/image/square_avatar/5296059-harley%20quinn%20by%20stanley%20lau.jpg,"Harleen Quinzel was a psychiatric resident at Arkham Asylum, where she met the incarcerated Joker. Falling in love with her patient, she conspired to break him out of prison and eventually became his lover and loyal sidekick, Harley Quinn.",https://comicvine.gamespot.com/harley-quinn/4005-1696/,2,,Harleen Frances Quinzel,Dr. Holly Chance; Dr. Jessica Seaborn; Lee Harkwin; Holly Quinn; Harleen Frances Quinzel
52,Falcon,shield,Human,https://comicvine.gamespot.com/api/image/square_avatar/5939223-falcon%20cap.jpg,"A social worker turned hero, Sam Wilson's bleak outlook on life was wiped away the day he met Captain America. Using a winged costume and his remarkable combat prowess and avian telepathy, he became the Falcon - defender of Harlem.",https://comicvine.gamespot.com/falcon/4005-1451/,1,,Samuel Thomas Wilson,Sam Wilson; Blackwing; Blackbird; Samuel Thomas Wilson; Paul Jeffries
37,Wasp,avengers,Human,https://comicvine.gamespot.com/api/image/square_avatar/6039335-wasp.jpg,"Genetically altered by Dr. Henry Pym, Janet Van Dyne gained the ability to alter her size, fly at rapid speeds and fire bio-electric energy ""stings"". Calling herself ""the Wasp"", she became Pym's superhero partner. Later, she became a founding member and the first female member of the Avengers.",https://comicvine.gamespot.com/wasp/4005-1502/,2,,Janet Van Dyne,Doctor Spectrum; Faery Queen; Giant Girl; Giant-Woman; Jan
64,Ray Palmer,suicide-squad,Human,https://comicvine.gamespot.com/api/image/square_avatar/6059435-atom.jpg,"Ray Palmer is a scientist superhero––and longtime Justice League member––who devised a means of miniaturization through dwarf star matter technology. From the Microverse to the greater world, he fights for good as the mighty Atom!",https://comicvine.gamespot.com/ray-palmer/4005-34685/,1,,Raymond Palmer,Atom; The Mighty Mite; The Tiny Titan; Raymond Palmer; Shrink-Ray
78,Elektra,hydra,Human,https://comicvine.gamespot.com/api/image/square_avatar/5545375-elektra2017001-covcol.jpg,The lethal scarlet assassin. Daredevil's most fearsome enemy as well as his former lover and most renowned as being the greatest assassin in the world.,https://comicvine.gamespot.com/elektra/4005-1802/,2,,Elektra Natchios,Elektra Natchios; Elektra Stavros; Erynys; Olive Oil; Perfect Death
29,James Gordon,justice-league,Human,https://comicvine.gamespot.com/api/image/square_avatar/5446248-batman%20%282016-%29%20002-017.jpg,"James Gordon is one of Batman's first supporters, helping him fight against crime and corruption in Gotham City. He eventually rose to the rank of Commissioner in the Gotham City Police Department, and continues to be one of Batman's greatest allies.",https://comicvine.gamespot.com/james-gordon/4005-3727/,1,"Jan 5, 1900",James Worthington Gordon,Commissioner Gordon; Jim Gordon; Batman; Rookie
77,Scorpion,masters-of-evil,Human,https://comicvine.gamespot.com/api/image/square_avatar/4079408-scorpion.jpg,MacDonald Gargan was a failing private investigator that was turned into the Scorpion with financial help from J.Jonah Jameson. He became the host of the Venom symbiote and was part of Norman Osborn's Dark Avengers. After it was taken by the US Government and he became The Scorpion once again.,https://comicvine.gamespot.com/scorpion/4005-4484/,1,,MacDonald Gargan,Mac Gargan; Venom; Spider-Man; Sinister Spider-Man; Arachnid
57,Moonstar,shield,Mutant,https://comicvine.gamespot.com/api/image/square_avatar/767057-newmutv3003_cov_col.jpg,"A Native American and member of the original New Mutants, Dani Moonstar was one of many mutants to lose their powers on M-Day. Moonstar currently uses her skills, experience and combat prowess to fight against evil as Hel's Valkyrie and one of the Fearless Defenders.",https://comicvine.gamespot.com/moonstar/4005-1463/,2,,Danielle Moonstar,Danielle Moonstar; Dani Moonstar; Psyche; Spellbinder; Mirage
50,Polaris,guardians-of-the-galaxy,Mutant,https://comicvine.gamespot.com/api/image/square_avatar/6246231-polaris.jpg,"The mistress of magnetism, Polaris is the daughter of Magneto. She has been a member of the X-Men, X-Factor and Mister Sinister's Marauders.",https://comicvine.gamespot.com/polaris/4005-1473/,2,,Lorna Sally Dane,Lorna Dane; Polaris; Lorna; Malice; Mistress of Magnetism
65,Northstar,hydra,Mutant,https://comicvine.gamespot.com/api/image/square_avatar/3191155-tumblr_mqccdcg9yj1qiknbco1_1280.jpg,"Twin brother of Aurora, Northstar is the haughty mutant speedster affiliated with the X-Men, though he was originally a member of Alpha Flight. He is most famous for being the first openly gay superhero.",https://comicvine.gamespot.com/northstar/4005-3190/,1,,Jean-Paul Beaubier,Jean-Paul Beaubier ; Jean-Paul Martin
51,Dazzler,shield,Mutant,https://comicvine.gamespot.com/api/image/square_avatar/6546649-dazzler%204.jpg,"A mutant with the ability to transduce sound into light, which often forces her into reluctant superheroism. She is also a very gifted singer and performer, hence her reservations in donning her uniform.",https://comicvine.gamespot.com/dazzler/4005-1498/,2,,Alison Blaire,Alison Blaire; Ali; The Disco Dazzler; Songbird; Dazz
21,Kitty Pryde,shield,Mutant,https://comicvine.gamespot.com/api/image/square_avatar/5666611-capasr2016015-resurrxion-var.jpg,"Kitty Pryde (a.k.a. Shadowcat) is a mutant gifted with the ability to become intangible and phase her entire body through solid material. A talented prodigy, she became the poster child of the X-Men; eventually reaching maturation and becoming the team's current leader.",https://comicvine.gamespot.com/kitty-pryde/4005-3548/,2,,Katherine Anne Pryde,Shadowcat; Ariel; Sprite; Katya; Kätzchen
97,Silver Samurai,hydra,Mutant,https://comicvine.gamespot.com/api/image/square_avatar/2058298-ultimate_silver_samurai_by_daikaiju.jpg,"A sword-wielding mutant, Silver Samurai has often tangled with Wolverine as the bodyguard of Viper, and later an occasional mercenary. He is the head of Clan Yashida, as Wolverine's ex-fiancee formerly was.",https://comicvine.gamespot.com/silver-samurai/4005-3174/,1,,Kenuichio Harada,Kenuichio Harada; Keniucho Harada; Kenichiro Harada; 銀製の武士; 武士の銀
66,Madrox,hydra,Mutant,https://comicvine.gamespot.com/api/image/square_avatar/6061381-0f6107fa4731079db486680ff9740c14.jpg,"Jamie Madrox, also known as Multiple Man, is a mutant with the ability to create duplicates of himself through physical contact. These ""dupes"" can later be reabsorbed, along with all of their memories and experiences. Madrox runs X-Factor Investigations, a mutant detective agency.",https://comicvine.gamespot.com/madrox/4005-7910/,1,,James Arthur Madrox,Jamie Madrox; Madrox the Multiple Man; Schizoid Man; Madrox Prime; Multiple Man
47,Magik,shield,Mutant,https://comicvine.gamespot.com/api/image/square_avatar/5545382-extraxm2015019-col.jpg,"The younger sister of Colossus. Illyana Rasputina is a mutant teleporter, a sorceress, and the ruler of Limbo, who is currently a member of Storm's team of mutants residing in the ""Jean Grey Institute for Higher Learning"".",https://comicvine.gamespot.com/magik/4005-8303/,2,,Illyana Nikolievna Rasputina,Illyana Nikolievna Rasputina; Illyana Rasputin; Darkchylde; Darkchild; Archimage
91,Mr. Freeze,injustice-league,Mutant,https://comicvine.gamespot.com/api/image/square_avatar/2361007-batman_annual_02_1000.jpg,"After his wife became terminally ill, Dr. Victor Fries devoted his life to saving her and used cryogenics to freeze her to get time to find a cure. After being attacked by his boss Ferris Boyle and exposed to some of his chemicals, Fries could only survive in sub-zero temperatures and built a special suit to keep himself alive, becoming Mr Freeze.",https://comicvine.gamespot.com/mr-freeze/4005-3715/,1,,Victor Fries,Freeze; Mr. Zero; Mister Freeze; Victor Fries; Dr. Fries
16,Jean Grey,x-men,Mutant,https://comicvine.gamespot.com/api/image/square_avatar/6168712-x-men%20red.jpg,"Jean Grey was one of the five original X-Men. An omega-level mutant telekinetic and telepath, Jean has gained near limitless powers as a recurrent host of the Phoenix Force. She is known for her many returns from death and as the deceased wife of Cyclops.",https://comicvine.gamespot.com/jean-grey/4005-3552/,2,,Jean Grey,Phoenix; Marvel Girl; Lady Jean Grey; Black Queen; White Phoenix
2,Wolverine,x-men,Mutant,https://comicvine.gamespot.com/api/image/square_avatar/6532464-return_of_wolverine_vol_1_2_textless.jpg,"A long-lived mutant with the rage of a beast and the soul of a Samurai, James ""Logan"" Howlett's once mysterious past is filled with blood, war and betrayal. Possessing an accelerated healing factor, keenly enhanced senses and bone claws in each hand (along with his skeleton) that are coated in adamantium; Wolverine is, without question, the ultimate weapon.",https://comicvine.gamespot.com/wolverine/4005-1440/,1,,James Howlett,James Howlett; Logan; Agent Ten; Black Dragon; Brother Xavier
79,Killer Croc,suicide-squad,Mutant,https://comicvine.gamespot.com/api/image/square_avatar/3100999-bm%26r_23-4_killer-croc_39pv7n56fj_.jpg,"Waylon Jones was born with a genetic mutation giving him a reptile's skin, sharp claws, and teeth; due to genetic atavism. Croc became a circus wrestler who would rise to conquer the Gotham Mob racket only then to become one of Batman's most physically imposing rogues.",https://comicvine.gamespot.com/killer-croc/4005-3725/,1,,Waylon Jones,Waylon Jones; Croc; Crockers; King Croc
8,Beast,x-men,Mutant,https://comicvine.gamespot.com/api/image/square_avatar/5271307-4665552949-5204563-5589293201-latest,"A founding member of the X-Men, Dr. Hank McCoy is a mutant possessing animal-like strength and agility. Despite being covered in blue fur and resembling a ferocious beast, Hank possesses an astounding intellect and a superb wit. He is currently helping run the Jean Grey School, while also serving with the Avengers.",https://comicvine.gamespot.com/beast/4005-1462/,1,,Henry Philip McCoy,Dr. Hank McCoy; Magilla Gorilla; Golden Armed Boy; Mutate #666; Beastmaster
15,Colossus,x-men,Mutant,https://comicvine.gamespot.com/api/image/square_avatar/5810917-image.jpeg,"Piotr Rasputin is a Russian mutant who possesses the ability to transform his body into organic steel, giving him immense strength and durability. Colossus is among the physically strongest X-Men, and is a talented artist.",https://comicvine.gamespot.com/colossus/4005-1460/,1,,Piotr Nikolaievitch Rasputin,Piotr Nikolaievitch Rasputin; The Unstoppable Colossus; Peter Rasputin; The Juggernaut; The Proletarian
17,Angel,x-men,Mutant,https://comicvine.gamespot.com/api/image/square_avatar/5053055-4623273865-UNCX2.jpg,"A mutant and original member of the X-Men, Warren received his angelic wings at a young age along with a unique healing factor in his blood. After being twisted into a weapon of Apocalypse, Warren became the cold and distant Archangel. In the years since then, he's gone back and forth between his two identities.",https://comicvine.gamespot.com/angel/4005-2112/,1,,Warren Kenneth Worthington III,Angel; Warren Worthington III; Dark Angel; Avenging Angel; The Fallen
40,Havok,defenders,Mutant,https://comicvine.gamespot.com/api/image/square_avatar/6039687-havok.jpg,"Havok is the son of Corsair and brother of Cyclops, and Vulcan, and has led both the Brotherhood, of Mutants, and X-Factor. After a stint as leader of the Starjammers, Havok returned to Earth and to his former team X-Factor. He currently leads Captain America's new Uncanny Avengers.",https://comicvine.gamespot.com/havok/4005-3546/,1,,Alexander Summers,Goblin Prince; Magistrate Summers; Alex Blanding; Commander Summers; Mutant X
23,Namor,defenders,Mutant,https://comicvine.gamespot.com/api/image/square_avatar/6641517-namor%20new.jpg,"Namor the Sub-Mariner is the ruler of undersea Atlantis.  The offspring of a sea captain and an Atlantean princess, he has been both a hero and a villain to the surface world. Namor is one of Marvel's oldest published characters with his origins in The Golden Age of Comics.",https://comicvine.gamespot.com/namor/4005-1476/,1,"Feb 22, 1922",Namor,Namor McKenzie; The Sub-Mariner; The Avenging Son; Namor the First; Imperious Rex
18,Professor X,x-men,Mutant,https://comicvine.gamespot.com/api/image/square_avatar/1671920-xmenprelude001_cover.jpg,"Professor Charles Xavier is the creator of the X-Men and founder of the Xavier School for Gifted Youngsters. His dream of peaceful coexistence between mutants and humanity has long been the driving force for the X-Men. An immensely powerful telepath and scientific genius, Xavier was among the world's greatest masterminds. Killed at the hands of a Phoenix crazed Cyclops, Xavier's memory and dream still remains and motivates his X-Men to keep fighting for a world that fears and hates them.",https://comicvine.gamespot.com/professor-x/4005-1505/,1,,Charles Francis Xavier,Professor Charles Xavier; Prisoner M-13; The Good Shepard; Chuck Xavier; Consort-Royal
13,Iceman,x-men,Mutant,https://comicvine.gamespot.com/api/image/square_avatar/5889261-iceman.jpg,"The youngest member of the original X-Men. Bobby is an Omega-level mutant, although it took some help from Emma Frost to realize this. Bobby's control of ice is vast; he can create shields, clones, spikes, slides and also freeze others. He currently teaches at the Jean Grey School for Higher Learning.",https://comicvine.gamespot.com/iceman/4005-1464/,1,,Robert Louis Drake,"Bobby Drake; Drake Roberts; Frosty; Iceface, the Living Popsicle; Mr. Friese"
7,Storm,x-men,Mutant,https://comicvine.gamespot.com/api/image/square_avatar/6545636-x-men_red_vol_1_7_textless.jpg,"Ororo Munroe is mutagenically imbued with the potent genetic disposition to manipulate the elemental forces that preside over the weather, in addition to other atmospheric phenomena. Having lived through a tumultuous life replete with successes and hardships, Storm; the thief, the princess, the once and future leader of mutant kind has eked her rightful place as one of the most influential women in the world. Her mandate is focused upon the safeguarding of her people, and the protection of Earth.",https://comicvine.gamespot.com/storm/4005-1444/,2,,Ororo Munroe,Beautiful Windrider; Bloodstorm; Goddess of the Plains; High Priestess; La Reine Storm
5,Cyclops,x-men,Mutant,https://comicvine.gamespot.com/api/image/square_avatar/6569920-cyclops.jpg,"The first X-Man, Scott Summers possesses the mutant ability to draw ambient energy from another dimension through his eyes which are actually portals to the dimension, he usually channels this energy into concussive force blasts. He is visually distinctive for the ruby quartz visor he wears to control his devastating power. A born leader, Cyclops succeeded his mentor Professor X to command the X-Men.",https://comicvine.gamespot.com/cyclops/4005-1459/,1,,Scott Summers,The First X-Man; Fearless Leader; Slym Dayspring; Cyclops the First; Mutate #007
99,Cloud,defenders,Other,https://comicvine.gamespot.com/api/image/square_avatar/3129351-ohotmu%20defenders%20%231%20-%20page%208.jpg,"Cloud is a nebula that took human form, and upon arriving on Earth was brainwashed by the Secret Empire. During a battle with the Secret Empire, the Defenders rescued Cloud and he/she joined the team.",https://comicvine.gamespot.com/cloud/4005-42846/,0,,nan,Carol Faber; Danny Milligan
12,Wonder Woman,justice-league,Other,https://comicvine.gamespot.com/api/image/square_avatar/6444044-4130984370-aHR0cDovL3d3dy5uZXdzYXJhbWEuY29tL2ltYWdlcy9pLzAwMC8yMjcvMjY2L29yaWdpbmFsL0pMXzFfdmFyX01hcmtfQnJvb2tzX2IuanBn,"The princess of the Amazons, armed with powers of a god, Wonder Woman is one of Earth's most powerful defenders of peace and equality and a member of the Justice League. She is often considered an archetype for the comic book superheroine. She stands for Love, peace, and above all else, truth! Her original origin depicted her as a clay figure brought to life by the gods, but in recent years she has been depicted as the daughter of Zeus and the Amazon queen Hippolyta.",https://comicvine.gamespot.com/wonder-woman/4005-2048/,2,"Mar 21, 1881",Diana of Themyscira,Diana Prince; Diana of Themyscira; Princess Diana; Princess of the Amazons; Goddess of Truth
68,Poison Ivy,injustice-league,Other,https://comicvine.gamespot.com/api/image/square_avatar/5939265-1499257220009.jpg,"A brilliant botanical biochemist, Pamela Isley is a fervent eco-terrorist out to save the world's plant life by any means necessary. She often finds herself at odds with Batman, though they have, on occasion, fought on the same side.",https://comicvine.gamespot.com/poison-ivy/4005-1697/,2,,Pamela Lillian Isley,Dr. Pamela Isley; Dr. Paula Irving; Red; Green Piece; May Queen
30,Aquaman,justice-league,Other,https://comicvine.gamespot.com/api/image/square_avatar/6198659-dprxkvjwaaa9eni.jpg,"The son of an Atlantean queen and a lighthouse keeper from the town of Amnesty Bay, Arthur Curry would grow up to become the superhero Aquaman, and later take on his birthright as the King of Atlantis. He is a founding member of the Justice League and is among DC Comics' most recognized heroes.",https://comicvine.gamespot.com/aquaman/4005-2357/,1,"Jan 29, 1977",Arthur Curry,Orin; Aquafresh; Aquaman; King Arthur; King of Atlantis
72,Sandman,masters-of-evil,Radiation,https://comicvine.gamespot.com/api/image/square_avatar/1964237-7.jpg,"Former enemy of Spider-Man and the Fantastic Four, Sandman reformed after realising he was unhappy with his life. He joined the Avengers and later Silver Sable's Wild Pack. Sandman eventually returned to crime after being brainwashed by the Wizard, but sometimes still displays desire to better himself.",https://comicvine.gamespot.com/sandman/4005-3544/,1,,William Baker,William Baker; Flint Marko; Mr. Sandman; Sylvester Mann; Quarryman
20,Human Torch,x-men,Radiation,https://comicvine.gamespot.com/api/image/square_avatar/4531254-1b0a9cbfa1742bdebed2449fc7a3d63e.jpg,"The second most powerful member of the Fantastic Four and the brother of Sue Richards. Due to an accident caused by cosmic radiation in space, he can manipulate fire, turn his entire body into it and fly. While Johnny is known for his impetuous and sometimes reckless nature, he is also a loyal friend and fearless hero.",https://comicvine.gamespot.com/human-torch/4005-2120/,1,,Jonathan Lowell Spencer Storm,Jonathan Storm; Johnny Storm; The Human Torch; Invisible Man; The Torch
9,Thing,defenders,Radiation,https://comicvine.gamespot.com/api/image/square_avatar/4171373-4171069-fanfour015_char_var.jpg,"Ben Grimm, better known as the Thing, is the original quintessential tough-guy of the Marvel Universe. But, because of his transformation, he's also the tragic member of the Fantastic Four. Ben was an ace test-pilot until exposure to intense cosmic radiation mutated him into a rock-skinned monster with immense superhuman strength. Ben's exterior is much harder than stone which gives him a rather gruff disposition; but deep down, he has a heart of gold.",https://comicvine.gamespot.com/thing/4005-2114/,1,"Nov 9, 1961",Benjamin Jacob Grimm,Benjamin J. Grimm; Ben Grimm; Blackbeard the Pirate; The Ever-Lovin' Blue-Eyed Thing; Bashful Benjy
44,Deadpool,defenders,Radiation,https://comicvine.gamespot.com/api/image/square_avatar/4943681-dpool2015007-cov-bec9c.jpg,"Wade Wilson is a former test subject of the Weapon X program, where he received his regenerative healing factor through the scientific experiments conducted upon him. Deadpool's powers and personality traits combine to make a wild, mentally unstable, and unpredictable mercenary. Deadpool has been a member of X-Force and the Thunderbolts, and a self-professed member of the X-Men and the Avengers. The ""Merc with a Mouth"" is infamous for breaking the fourth wall.",https://comicvine.gamespot.com/deadpool/4005-7606/,1,,Wade Winston Wilson,Wade Wilson; The Merc with a Mouth; The Crimson Comedian; The Regeneratin' Degenerate; Wade T. Wilson
60,Wonder Man,masters-of-evil,Radiation,https://comicvine.gamespot.com/api/image/square_avatar/3129752-revengers00101.jpg,"Simon Williams was made into a being of pure ionic energy by Baron Zemo and became the impossibly, powerful Wonder Man. Meant to aid the Masters of Evil in their campaign against the Avengers, Wonder Man found himself sympathizing with the heroes and joined their team instead. He has remained an Avengers mainstay ever since, despite his constant insecurities and battles with his own mortality.",https://comicvine.gamespot.com/wonder-man/4005-1465/,1,,Simon Williams,Simon Williams; Wonderman; Hollywood; Idol; Hulk
19,Mr. Fantastic,defenders,Radiation,https://comicvine.gamespot.com/api/image/square_avatar/4240402-ff0643-samnee-var-2181a.jpg,"Reed Richards, also known as Mr. Fantastic, is the leader of the Fantastic Four. He can stretch his body to great distances due to his exposure to cosmic rays while in space. He is also considered to be one of the smartest men alive.",https://comicvine.gamespot.com/mr-fantastic/4005-2151/,1,,Reed Richards,Reed Richards; Invincible Man; Reed Benjamin; Richard Reed; Mister Fantastic
3,Spider-Man,avengers,Radiation,https://comicvine.gamespot.com/api/image/square_avatar/6197311-c6d76a022f2dcf57c29e2ef87a3c7d47.jpg,"Peter Parker was bitten by a radioactive spider as a teenager, granting him spider-like powers. After the death of his Uncle Ben, which he could have prevented, Peter learned that ""with great power, comes great responsibility."" Swearing to always protect the innocent from harm, Peter Parker became the Amazing Spider-Man!",https://comicvine.gamespot.com/spider-man/4005-1443/,1,"Oct 14, 1962",Peter Benjamin Parker,Peter Parker; Captain Universe; Dusk; Hornet; Prodigy
14,Hulk,avengers,Radiation,https://comicvine.gamespot.com/api/image/square_avatar/4127149-11.jpg,"After being bombarded with a massive dose of gamma radiation while saving a young man's life during the testing of an experimental bomb, Dr. Robert Bruce Banner was transformed into the Incredible Hulk: a green behemoth who is the living personification of rage and pure physical strength.",https://comicvine.gamespot.com/hulk/4005-2267/,1,,Robert Bruce Banner,Bruce Banner; The Incredible Hulk; The Incredible Thing; Dr. Banner; David Banner
45,She-Hulk,hydra,Radiation,https://comicvine.gamespot.com/api/image/square_avatar/3778265-shehulk2014006-cov-fb0b9.jpg,"After being shot by mobsters, her cousin Bruce Banner (The Hulk) saved her life by giving her a last minute blood transfusion of his own irradiated blood.  From that point on Jennifer Walters was able to transform into the Sensational She-Hulk; a recurring member of the Avengers.",https://comicvine.gamespot.com/she-hulk/4005-1449/,2,"Jun 16, 1980",Jennifer Walters,Jen Walters; Jenny; Jennifer Jameson; Hulk; Savage She-Hulk
89,Ultron,masters-of-evil,Robot,https://comicvine.gamespot.com/api/image/square_avatar/4650884-11295566_942667079087429_4251925765783847978_n.jpg,"Created by Henry Pym to be a technological landmark, Ultron soon intellectually surpassed his ""father"" and eventually fought the Avengers after organizing the Masters of Evil. He has clashed with the Avengers numerous times, driven by his hatred of all organic life and his desire to witness its total destruction. ",https://comicvine.gamespot.com/ultron/4005-2242/,1,,Ultron,Crimson Cowl; The Space Knight; The Vision; Turino XL; Ultron-5
38,Vision,avengers,Robot,https://comicvine.gamespot.com/api/image/square_avatar/4479803-vision.png,"Vision is an artificial intelligence, a ""synthezoid"" created by the villain Ultron and an Avenger who possesses the power to alter his density at will. Having gained a modicum of humanity, Vision is always afraid he may one day lose touch with it.",https://comicvine.gamespot.com/vision/4005-1504/,1,,Vision,Jonas; Ultravision; Vision 2.0; Victor Shade; Ghost of Stone
